{
    "upper": [
        -0.33489578997647357,
        0.1971331983219707,
        0.6152801856828658,
        0.8012926652993424,
        0.43667349453649174,
        0.6431901278963268,
        0.357832011334611
    ],
    "lower": [
        -0.7511082323456755,
        -0.25057839188190273,
        0.15234953515718494,
        -0.6119295533724619,
        -0.3944098552201718,
        -0.658143848344027,
        -0.33770155737316415
    ]
}