{
    "home": [
        0.6254668235778809,
        -1.4338672796832483,
        -1.5764983336078089,
        -1.2756612936602991,
        1.5988503694534302,
        1.9065883159637451
    ],
    "pos1": [
        0.4459468722343445,
        -1.4940055052386683,
        -1.5935447851764124,
        -1.2768948713885706,
        1.2375082969665527,
        1.90657639503479
    ]
}