{
    "home": [
        0.2728463411331177,
        -1.517569367085592,
        -1.448841396962301,
        -1.7073882261859339,
        1.6171501874923706,
        2.3186352252960205
    ],
    "pos1": [
        0.4459468722343445,
        -1.4940055052386683,
        -1.5935447851764124,
        -1.2768948713885706,
        1.2375082969665527,
        1.90657639503479
    ],
    "center": [
        0.3345913290977478,
        -1.6760056654559534,
        -1.9904134909259241,
        -1.006977383290426,
        1.6122453212738037,
        2.3816030025482178
    ],
    "force": [
        0.3610929548740387,
        -1.7430790106402796,
        -1.8068645636187952,
        -1.176051441823141,
        1.486746072769165,
        2.459798574447632
    ]
}