{
    "home": [
        0.2728463411331177,
        -1.517569367085592,
        -1.448841396962301,
        -1.7073882261859339,
        1.6171501874923706,
        2.3186352252960205
    ],
    "pos1": [
        0.4459468722343445,
        -1.4940055052386683,
        -1.5935447851764124,
        -1.2768948713885706,
        1.2375082969665527,
        1.90657639503479
    ]
}